id,first_name,last_name,date_of_birth,salary
1,Rosalie,Botterell,1997-09-21,26450.1
2,Hilarius,Habgood,1962-12-19,23439.22
3,Lyn,Dobie,2007-05-07,36052.67
4,Dorey,Roxby,1958-04-26,27911.46
5,Ora,Clemes,1985-02-05,24342.95
6,Kacey,Prine,2009-05-29,23712.24
7,Hadrian,Featherstone,2019-01-20,20314.93
8,Gregorio,Wicher,2010-10-15,23201.3
9,Kora,Lambin,2007-09-28,40083.27
10,Genevra,Hannah,1955-07-08,33415.68
11,Kimberley,Peaple,1981-12-27,36177.42
12,Vittorio,Kerfut,1989-06-24,16275.95
13,Florrie,Puddan,2016-05-28,27004.24
14,Tedd,Effaunt,2003-10-22,38963.95
15,Binky,Yurenev,2002-01-15,35785.39
16,Anne-corinne,Lintot,1970-04-26,33917.27
17,Ninnetta,Radbond,2012-08-01,24884.92
18,Allayne,Osborne,1992-11-10,44775.02
19,Keir,Brunton,1966-08-13,19554.84
20,Myrtia,Wallege,1955-04-11,39109.83
21,Katerine,MacCahey,1968-04-22,23793.9
22,Pete,Darinton,1959-02-10,15332.74
23,Morry,McEwen,1963-09-03,18741.63
24,Demetria,Shobbrook,1963-06-25,22109.68
25,Hermione,McHarry,1955-11-17,41721.77
26,Petra,Barnet,2011-08-30,25987.92
27,Verine,Dewberry,2015-12-02,35996.11
28,Chevalier,Piatti,1977-12-26,33475.42
29,Wilhelmine,Issatt,1983-04-20,22075.53
30,Juditha,Brown,2010-05-03,36723.48
31,Beaufort,Snugg,1968-06-28,32541.53
32,Addy,Gelardi,2002-02-09,18972.65
33,Gerti,Glasebrook,1961-08-22,31061.02
34,Quentin,Passfield,1962-04-19,29108.6
35,Charil,Stenhouse,1973-05-18,15180.44
36,Garrott,Balcon,1956-07-01,33669.08
37,Arliene,Kuhnt,1965-07-31,41687.24
38,Zachariah,Daly,1975-07-07,19401.16
39,Domenico,Stoacley,2007-04-25,38275.63
40,Reinwald,Mullard,1981-01-04,42615.16
41,Andrus,Junes,2007-11-21,20949.89
42,Currie,Divisek,2016-07-07,42623.5
43,Tito,Coughlin,1951-06-12,40487.2
44,Manolo,Maggiore,1957-10-29,19817.42
45,Salvador,Reddick,1985-07-27,43338.35
46,Valle,Ganderton,1990-09-13,39169.28
47,Dorree,Swaffer,1983-08-24,28774.94
48,Anatollo,Tillard,1957-09-21,21524.2
49,Ross,Guillot,2014-07-28,38527.59
50,Binnie,Whistan,2007-06-01,28194.67
51,Amory,Bertomeu,1957-12-29,19661.66
52,Stinky,Berre,2005-04-27,24533.57
53,Olimpia,Frill,2003-07-20,32148.18
54,Carmelina,Allwell,1983-02-10,31516.42
55,Daveen,Falloon,1981-07-21,32333.33
56,Nicola,Flicker,1978-07-08,34907.29
57,Wynny,Dahmke,2001-07-18,20825.12
58,Beilul,Bolzmann,1990-04-26,38115.54
59,Christoforo,Treverton,2000-09-16,16656.84
60,Heindrick,Paulton,1989-08-08,28323.13
61,Gaelan,Cowans,2018-04-01,34667.22
62,Lemmy,Prudham,1986-03-22,35312.08
63,Niels,Fitchen,1962-02-10,23435.76
64,Kandy,Drain,1983-02-22,24820.99
65,Frederik,Flather,1966-03-25,36148.35
66,Micah,MacDonough,1981-06-02,35203.3
67,Stefan,Frend,2012-03-31,20045.45
68,Vergil,Challicum,1968-08-01,42470.75
69,Bird,Ackroyd,1958-06-26,17676.31
70,Eachelle,Viel,2004-07-08,35531.83
71,Angelique,Lafferty,1960-01-26,16187.21
72,Cordi,Barnet,2009-10-04,20883.28
73,Jarrett,Auden,2003-01-31,32586.3
74,Lacey,Aird,1968-02-04,25799.38
75,Henrietta,Kalinowsky,1988-01-15,44307.58
76,Paton,Fiennes,2016-07-24,44896.73
77,Efrem,Menco,1992-10-06,25395.09
78,Julissa,Skip,1987-04-07,39181.34
79,Layton,Churchard,2001-05-17,42486.26
80,Hamnet,Lodwig,2003-02-25,31024.24
81,Hamid,Cox,1997-08-30,16369.18
82,Herve,Marden,1961-09-28,36245.58
83,Abbi,Kemsley,1976-03-18,35959.67
84,Idaline,Klinck,2003-01-19,38625.33
85,Dalis,Paddon,1977-08-20,29136.22
86,Freeland,Simmers,2010-07-12,27364.06
87,Rozele,Malt,1976-06-13,24542.65
88,Callida,Altamirano,1988-01-05,26701.76
89,Kalinda,Grimsey,1952-10-21,33833.99
90,Gilbert,Gasnoll,1995-03-05,38926.55
91,Xever,deKnevet,2018-08-28,22455.08
92,Kele,Lars,2017-10-14,21560.2
93,Roderic,Wicklen,1956-03-01,28475.69
94,Orin,Lippiatt,2003-04-17,27536.48
95,Jessey,Bonnesen,1965-04-22,33443.26
96,Eustace,Cuskery,2010-04-14,37735.54
97,Fons,Shenton,1992-12-25,28722.53
98,Darren,Scherme,1958-06-17,26237.83
99,Yorgos,Tunnick,1980-10-11,23964.43
100,Clemens,Waghorn,1983-05-09,30640.36
